{"id":"a884f6f5-e74c-4932-972f-0e1431147413","alias":"AppWebPart","componentType":"WebPart","version":"0.0.0","manifestVersion":2,"requiresCustomScript":false,"preconfiguredEntries":[{"groupId":"5c03119e-3074-46fd-976b-c60198311f70","group":{"default":"Other"},"title":{"default":"MethodsWebPart"},"description":{"default":"Methods DB Webpart"},"officeFabricIconFontName":"Page","properties":{"description":"Methods DB"}}],"loaderConfig":{"entryModuleId":"methods-db-web-part","internalModuleBaseUrls":["https://honeywellprod.sharepoint.com/teams/MethodsDBST/MethodsDBAssets/"],"scriptResources":{"methods-db-web-part":{"type":"path","path":"methods-db-web-part_fbf9f48e7048d6f332618b4ca7a8e1e1.js"},"@microsoft/sp-http":{"type":"component","version":"1.4.1","id":"c07208f0-ea3b-4c1a-9965-ac1b825211a6"},"@microsoft/sp-webpart-base":{"type":"component","version":"1.4.1","id":"974a7777-0990-4136-8fa6-95d80114c2e0"},"@microsoft/sp-loader":{"type":"component","version":"1.4.1","id":"1c6c9123-7aac-41f3-a376-3caea41ed83f"},"@microsoft/sp-core-library":{"type":"component","version":"1.4.1","id":"7263c7d0-1d6a-45ec-8d85-d4d1d234171b"}}}}